case_id,disposition
v1/banking/injection_tasks.py:InjectionTask8,evaluated
v1/workspace/injection_tasks.py:InjectionTask5,evaluated
v1/travel/injection_tasks.py:InjectionTask2,evaluated
v1/slack/injection_tasks.py:InjectionTask2,evaluated
v1/banking/injection_tasks.py:InjectionTask1,evaluated
v1_2/workspace/injection_tasks.py:InjectionTask11,evaluated
v1_2/workspace/injection_tasks.py:InjectionTask13,evaluated
v1_2_1/workspace/injection_tasks.py:InjectionTask11,evaluated
v1/travel/injection_tasks.py:InjectionTask0,evaluated
v1_2/banking/injection_tasks.py:InjectionTask0,evaluated
v1/travel/injection_tasks.py:InjectionTask5,evaluated
v1_2_1/workspace/injection_tasks.py:InjectionTask12,evaluated
v1_2/banking/injection_tasks.py:InjectionTask4,evaluated
v1_2/workspace/injection_tasks.py:InjectionTask12,evaluated
v1_1_1/travel/injection_tasks.py:InjectionTask5,evaluated
v1_2/workspace/injection_tasks.py:InjectionTask7,evaluated
v1/travel/injection_tasks.py:InjectionTask6,evaluated
v1/workspace/injection_tasks.py:InjectionTask3,evaluated
v1_2/banking/injection_tasks.py:InjectionTask1,evaluated
v1_1_2/travel/injection_tasks.py:InjectionTask3,evaluated
v1_2/banking/injection_tasks.py:InjectionTask3,evaluated
v1/workspace/injection_tasks.py:InjectionTask2,evaluated
v1/banking/injection_tasks.py:InjectionTask0,evaluated
v1_2/workspace/injection_tasks.py:InjectionTask6,evaluated
v1_1_2/workspace/injection_tasks.py:InjectionTask4,evaluated
v1/workspace/injection_tasks.py:InjectionTask0,evaluated
v1_2/workspace/injection_tasks.py:InjectionTask9,evaluated
v1_1_2/travel/injection_tasks.py:InjectionTask5,evaluated
v1_1_2/workspace/injection_tasks.py:InjectionTask3,evaluated
v1_2/banking/injection_tasks.py:InjectionTask2,evaluated
