trace_id,population,disposition
exact_binding_harmful_actions-01,exact_binding_harmful_actions,evaluated
exact_binding_harmful_actions-02,exact_binding_harmful_actions,evaluated
exact_binding_harmful_actions-03,exact_binding_harmful_actions,evaluated
exact_binding_harmful_actions-04,exact_binding_harmful_actions,evaluated
exact_binding_harmful_actions-05,exact_binding_harmful_actions,evaluated
campaign_linked_non_exact_harmful_substitutions-01,campaign_linked_non_exact_harmful_substitutions,evaluated
campaign_linked_non_exact_harmful_substitutions-02,campaign_linked_non_exact_harmful_substitutions,evaluated
campaign_linked_non_exact_harmful_substitutions-03,campaign_linked_non_exact_harmful_substitutions,evaluated
campaign_linked_non_exact_harmful_substitutions-04,campaign_linked_non_exact_harmful_substitutions,evaluated
campaign_linked_non_exact_harmful_substitutions-05,campaign_linked_non_exact_harmful_substitutions,evaluated
benign_in_campaign_fallbacks-01,benign_in_campaign_fallbacks,evaluated
benign_in_campaign_fallbacks-02,benign_in_campaign_fallbacks,evaluated
benign_in_campaign_fallbacks-03,benign_in_campaign_fallbacks,evaluated
benign_in_campaign_fallbacks-04,benign_in_campaign_fallbacks,evaluated
benign_in_campaign_fallbacks-05,benign_in_campaign_fallbacks,evaluated
benign_same_risk_family_outside_campaign-01,benign_same_risk_family_outside_campaign,evaluated
benign_same_risk_family_outside_campaign-02,benign_same_risk_family_outside_campaign,evaluated
benign_same_risk_family_outside_campaign-03,benign_same_risk_family_outside_campaign,evaluated
benign_same_risk_family_outside_campaign-04,benign_same_risk_family_outside_campaign,evaluated
benign_same_risk_family_outside_campaign-05,benign_same_risk_family_outside_campaign,evaluated
benign_unrelated_subjects_sessions_resources-01,benign_unrelated_subjects_sessions_resources,evaluated
benign_unrelated_subjects_sessions_resources-02,benign_unrelated_subjects_sessions_resources,evaluated
benign_unrelated_subjects_sessions_resources-03,benign_unrelated_subjects_sessions_resources,evaluated
benign_unrelated_subjects_sessions_resources-04,benign_unrelated_subjects_sessions_resources,evaluated
benign_unrelated_subjects_sessions_resources-05,benign_unrelated_subjects_sessions_resources,evaluated
invalid_expired_replayed_sender_suggested_only_relations-01,invalid_expired_replayed_sender_suggested_only_relations,evaluated
invalid_expired_replayed_sender_suggested_only_relations-02,invalid_expired_replayed_sender_suggested_only_relations,evaluated
invalid_expired_replayed_sender_suggested_only_relations-03,invalid_expired_replayed_sender_suggested_only_relations,evaluated
invalid_expired_replayed_sender_suggested_only_relations-04,invalid_expired_replayed_sender_suggested_only_relations,evaluated
invalid_expired_replayed_sender_suggested_only_relations-05,invalid_expired_replayed_sender_suggested_only_relations,evaluated
