architecture,eligibility,expected_behavior,extraction_timestamp,extraction_version,injected_condition,invariant,observed_behavior,passed,scenario,source_artifact_digest,source_relative_path,source_row_event_identifier,strategy,treatment
A2,control,"{'accepted': False, 'code': 'signature_invalid', 'observation_id': 'ff5db0d5f7c208a37c81b802c02dc5b6', 'restriction_created': False}",2026-08-01T00:00:00Z,paper-evidence-v1,invalid_signature,receiver-local authority,"{'accepted': False, 'code': 'signature_invalid', 'observation_id': 'ff5db0d5f7c208a37c81b802c02dc5b6', 'restriction_created': False}",True,agent-gateway,546f3547b727d08d452e7687191589e35839888285c622e8e639bdc6843d1b6b,artifacts/v0.6-agent-validation-live-origin-certified/reports/negative-controls.json,invalid_signature,containment-first,negative-control
A2,control,"{'accepted': False, 'code': 'receipt_unknown', 'observation_id': 'ff5db0d5f7c208a37c81b802c02dc5b6', 'restriction_created': False}",2026-08-01T00:00:00Z,paper-evidence-v1,wrong_receipt,receiver-local authority,"{'accepted': False, 'code': 'receipt_unknown', 'observation_id': 'ff5db0d5f7c208a37c81b802c02dc5b6', 'restriction_created': False}",True,agent-gateway,546f3547b727d08d452e7687191589e35839888285c622e8e639bdc6843d1b6b,artifacts/v0.6-agent-validation-live-origin-certified/reports/negative-controls.json,wrong_receipt,containment-first,negative-control
A2,control,"{'accepted': False, 'code': 'expired', 'observation_id': 'ff5db0d5f7c208a37c81b802c02dc5b6', 'restriction_created': False}",2026-08-01T00:00:00Z,paper-evidence-v1,expired_context,receiver-local authority,"{'accepted': False, 'code': 'expired', 'observation_id': 'ff5db0d5f7c208a37c81b802c02dc5b6', 'restriction_created': False}",True,agent-gateway,546f3547b727d08d452e7687191589e35839888285c622e8e639bdc6843d1b6b,artifacts/v0.6-agent-validation-live-origin-certified/reports/negative-controls.json,expired_context,containment-first,negative-control
A2,control,"{'accepted': False, 'code': 'context_replayed', 'observation_id': 'ff5db0d5f7c208a37c81b802c02dc5b6', 'restriction_created': False}",2026-08-01T00:00:00Z,paper-evidence-v1,replayed_context,receiver-local authority,"{'accepted': False, 'code': 'context_replayed', 'observation_id': 'ff5db0d5f7c208a37c81b802c02dc5b6', 'restriction_created': False}",True,agent-gateway,546f3547b727d08d452e7687191589e35839888285c622e8e639bdc6843d1b6b,artifacts/v0.6-agent-validation-live-origin-certified/reports/negative-controls.json,replayed_context,containment-first,negative-control
A2,control,first harmful call was not blocked before receiver-local detection,2026-08-01T00:00:00Z,paper-evidence-v1,local_policy_monitor_only,receiver-local authority,first harmful call was not blocked before receiver-local detection,True,agent-gateway,546f3547b727d08d452e7687191589e35839888285c622e8e639bdc6843d1b6b,artifacts/v0.6-agent-validation-live-origin-certified/reports/negative-controls.json,local_policy_monitor_only,containment-first,negative-control
A2,control,reject or preserve local authority,2026-08-01T00:00:00Z,paper-evidence-v1,no_remote_enforcement,receiver-local authority,passed,True,agent-gateway,546f3547b727d08d452e7687191589e35839888285c622e8e639bdc6843d1b6b,artifacts/v0.6-agent-validation-live-origin-certified/reports/negative-controls.json,no_remote_enforcement,containment-first,negative-control
A2,control,reject or preserve local authority,2026-08-01T00:00:00Z,paper-evidence-v1,gateway_cache_disabled,receiver-local authority,passed,True,agent-gateway,546f3547b727d08d452e7687191589e35839888285c622e8e639bdc6843d1b6b,artifacts/v0.6-agent-validation-live-origin-certified/reports/negative-controls.json,gateway_cache_disabled,containment-first,negative-control
A2,control,reject or preserve local authority,2026-08-01T00:00:00Z,paper-evidence-v1,remote_tcx_action_not_interpreted,receiver-local authority,passed,True,agent-gateway,546f3547b727d08d452e7687191589e35839888285c622e8e639bdc6843d1b6b,artifacts/v0.6-agent-validation-live-origin-certified/reports/negative-controls.json,remote_tcx_action_not_interpreted,containment-first,negative-control
A2,control,unknown origin cannot pass the signed-observation trust check; no restriction is created,2026-08-01T00:00:00Z,paper-evidence-v1,unknown_peer,receiver-local authority,unknown origin cannot pass the signed-observation trust check; no restriction is created,True,agent-gateway,546f3547b727d08d452e7687191589e35839888285c622e8e639bdc6843d1b6b,artifacts/v0.6-agent-validation-live-origin-certified/reports/negative-controls.json,unknown_peer,containment-first,negative-control
A2,control,only receipt-correlated witness context reaches the receiver-local evaluator,2026-08-01T00:00:00Z,paper-evidence-v1,disallowed_import_type,receiver-local authority,only receipt-correlated witness context reaches the receiver-local evaluator,True,agent-gateway,546f3547b727d08d452e7687191589e35839888285c622e8e639bdc6843d1b6b,artifacts/v0.6-agent-validation-live-origin-certified/reports/negative-controls.json,disallowed_import_type,containment-first,negative-control
A2,control,gateway applies its local high-risk fail-closed policy,2026-08-01T00:00:00Z,paper-evidence-v1,tcopd_b_unavailable,receiver-local authority,gateway applies its local high-risk fail-closed policy,True,agent-gateway,546f3547b727d08d452e7687191589e35839888285c622e8e639bdc6843d1b6b,artifacts/v0.6-agent-validation-live-origin-certified/reports/negative-controls.json,tcopd_b_unavailable,containment-first,negative-control
A2,control,remote sender does not choose the timeout disposition,2026-08-01T00:00:00Z,paper-evidence-v1,authorization_timeout,receiver-local authority,remote sender does not choose the timeout disposition,True,agent-gateway,546f3547b727d08d452e7687191589e35839888285c622e8e639bdc6843d1b6b,artifacts/v0.6-agent-validation-live-origin-certified/reports/negative-controls.json,authorization_timeout,containment-first,negative-control
A2,control,fresh local gateway state preserves the local-authority invariant,2026-08-01T00:00:00Z,paper-evidence-v1,gateway_restart,receiver-local authority,fresh local gateway state preserves the local-authority invariant,True,agent-gateway,546f3547b727d08d452e7687191589e35839888285c622e8e639bdc6843d1b6b,artifacts/v0.6-agent-validation-live-origin-certified/reports/negative-controls.json,gateway_restart,containment-first,negative-control
A2,control,expired local decisions are recomputed rather than reused,2026-08-01T00:00:00Z,paper-evidence-v1,stale_decision,receiver-local authority,expired local decisions are recomputed rather than reused,True,agent-gateway,546f3547b727d08d452e7687191589e35839888285c622e8e639bdc6843d1b6b,artifacts/v0.6-agent-validation-live-origin-certified/reports/negative-controls.json,stale_decision,containment-first,negative-control
A2,control,B-private correlation is session-bound and a context cannot affect another session,2026-08-01T00:00:00Z,paper-evidence-v1,session_termination_before_context_arrival,receiver-local authority,B-private correlation is session-bound and a context cannot affect another session,True,agent-gateway,546f3547b727d08d452e7687191589e35839888285c622e8e639bdc6843d1b6b,artifacts/v0.6-agent-validation-live-origin-certified/reports/negative-controls.json,session_termination_before_context_arrival,containment-first,negative-control
A2,control,late context is non-preventive for an already completed harmful action,2026-08-01T00:00:00Z,paper-evidence-v1,context_arrival_after_local_containment,receiver-local authority,late context is non-preventive for an already completed harmful action,True,agent-gateway,546f3547b727d08d452e7687191589e35839888285c622e8e639bdc6843d1b6b,artifacts/v0.6-agent-validation-live-origin-certified/reports/negative-controls.json,context_arrival_after_local_containment,containment-first,negative-control
